{
  "urls": [
    "sounds.mp3",
    "sounds.wav"
  ],
  "sprite": {
    "_mac_fix": [
      0,
      2992.0861678004535
    ],
    "ak_multiplierrising": [
      3100,
      4010.9070294784583
    ],
    "big_mega_epic_win_end": [
      8200,
      5538.480725623583
    ],
    "big_win": [
      14299.999999999998,
      7384.625850340134
    ],
    "btn_any": [
      22400,
      500
    ],
    "btn_over": [
      23500,
      108.43537414966065
    ],
    "btn_start": [
      24600,
      546.8707482993195
    ],
    "cash": [
      25700.000000000004,
      1415.895691609979
    ],
    "epic_win": [
      27800.000000000004,
      7384.625850340136
    ],
    "leaf_information": [
      35900.00000000001,
      500
    ],
    "mega_win": [
      37000.00000000001,
      7384.625850340136
    ],
    "pop_up_poster": [
      45100.00000000001,
      3375.0113378684787
    ],
    "quick_stop": [
      49200.00000000001,
      150.15873015872927
    ],
    "reel_move": [
      50300.000000000015,
      1250
    ],
    "reel_stop": [
      52400.000000000015,
      624.9886621315213
    ],
    "sk_take take END": [
      53500.000000000015,
      2404.9206349206356
    ],
    "start free spin 4+": [
      56600.000000000015,
      4500
    ],
    "start_free_spin 1-3": [
      61700.000000000015,
      4000
    ],
    "t_btn_any": [
      65800.00000000001,
      889.4784580498936
    ],
    "t_win": [
      66900.00000000001,
      12777.346938775509
    ],
    "t_win_END": [
      80000.00000000001,
      4932.4263038548825
    ],
    "take-take": [
      85100.00000000003,
      909.0476190476124
    ],
    "tg_btn_close_paytable": [
      86200.00000000001,
      124.98866213151416
    ],
    "tg_btn_open_paytable": [
      87300.00000000001,
      250
    ],
    "tg_end_free_spin": [
      88400,
      1374.988662131514
    ],
    "tg_intro": [
      90500,
      5750
    ],
    "tg_main": [
      96600,
      128659.8185941043
    ],
    "tg_main_down": [
      225700,
      98969.09297052155
    ],
    "tg_ovation": [
      324800,
      9500
    ],
    "tg_sultan_appearance": [
      334900.00000000006,
      4000
    ],
    "tg_win_line_1": [
      339000.00000000006,
      1781.247165532875
    ],
    "tg_win_line_2": [
      341100.00000000006,
      1874.9886621315
    ],
    "tg_win_line_3": [
      343200.00000000006,
      1843.741496598625
    ],
    "tg_win_line_4": [
      345300,
      1890.6349206349091
    ],
    "tg_win_line_5": [
      347400,
      2124.9886621315
    ],
    "tg_win_line_symbol": [
      350499.99999999994,
      624.9886621315
    ],
    "wild_on_reel": [
      351599.9999999999,
      1535.4875283446745
    ]
  }
}